Score,Name,Title,Firm,Category,Location,LinkedIn,Why relevant,Stage fit / flags
10,David Ulevitch,General Partner,a16z American Dynamism,Public safety VC,San Francisco US,linkedin.com/in/davidu,Led Prepared Series A+B (exited to Axon); backed Flock Safety; wrote 'We Can (and Do) Solve Crime',Seed-capable; thesis-perfect
9,Hans Robertson,Co-founder & Exec Chairman Verkada; angel,Verkada / angel,Operator angel,SF Bay Area US,linkedin.com/in/hansrobertson,Meraki co-founder; built cameras-for-schools category; 5 angel deals; was Verkada seed angel,Angel checks; top operator target
9,Jim Vesterman,ex-CEO Raptor Technologies; investor,Independent / search-fund investor,Operator angel,Philadelphia US,linkedin.com/in/jim-vesterman-42a40311,Ran K-12 school-safety company (40k schools; 13.5x exit); ex-Marine special forces; active investor,Angel/search checks; exact domain
9,Jaime Ellertson,Chairman & Managing Partner,Akmazo Capital (ex-Everbridge CEO),Emergency-response operator,Boston US,linkedin.com/in/jaime-ellertson-4598723,Built Everbridge (mass notification); now runs early-stage B2B SaaS fund; takes pitches,Early-stage fund; category creator
9,Steve Kupfer,Partner,Reach Capital,K-12 edtech VC,Brooklyn US,linkedin.com/in/kupfer,Led CurvePoint school threat-detection pre-seed AND seed (2025) — actively writing checks in category,Pre-seed/seed; CurvePoint conflict — pitch as response layer
9,Renny McPherson,Co-founder & Managing Partner,First In,Security seed fund,Washington DC US,linkedin.com/in/renny-mcpherson-1ba5b54,Seed-only security-tech fund (Anduril; Shift5); ex-USMC intel; RedOwl founder,Seed lead; exact stage+thesis
9,Josh Cohen,Founder & Managing Partner,City Light Capital,Impact (safety+education),New York US,linkedin.com/in/joshecohen,Firm founded post-9/11 for safety investing; co-led ShotSpotter Series B; thesis = education AND safety & care,Seed checks $50K-3M
9,Micah Rosenbloom,Managing Partner,Founder Collective,Seed VC,New York US,linkedin.com/in/micah-rosenbloom-a0350,Personally led Verkada's seed (2017),Seed-only fund
9,Stephanie Usry Bellistri,Partner & Co-Founder,New North Ventures,NatSec seed fund,Washington DC US,linkedin.com/in/stephanie-usry-bellistri-04615551,22-yr CIA veteran; advised Evolv (AI weapons screening in schools); led pre-seed deals,Pre-seed/seed/A
8,Ben Ling,Founder & GP,Bling Capital,Seed VC,Miami Beach US,linkedin.com/in/benjaminling,Led Aegis AI (gun detection on CCTV) seed 2019; $270M Fund IV closed Nov 2024,Seed core
8,Ross Fubini,Founder & Managing Partner,XYZ Venture Capital,Regulated-market seed VC,San Francisco US,linkedin.com/in/fubini,Early Verkada + Anduril; Palantir alumni network; Midas List 2026,Leads seeds $500K-4M
8,Raj Shah,Co-founder & Managing Partner,Shield Capital,NatSec VC,San Francisco US,linkedin.com/in/rajshah3,Ex-Pentagon DIU director; natsec AI thesis; co-author 'Unit X'; NIF board,Pre-seed to A ($1-15M)
8,Ilya Sukhar,General Partner,Matrix,Seed/A VC,San Francisco US,linkedin.com/in/ilyasukhar,Led Flock Safety Series A; Flock board member; still posts Flock updates,Pre-seed to A
8,Jeff Eggers,Managing Director,Risk & Return,Public-safety seed fund,McLean VA US,linkedin.com/in/jeffeggers,Fund for 'high-risk frontline public servants'; backed Prepared seed; ex-Navy SEAL/NSC,Seed; verify current role (Rsquared headline)
8,Ron Bouganim,Founder & Managing Partner,Govtech Fund,Govtech seed fund,San Francisco US,linkedin.com/in/ronbouganim,First govtech VC; seeded Mark43; ~$500K checks + AngelList syndicate,Seed; district GTM expertise
8,Kevin Hartz,Co-founder & GP,A* Capital,Fund+angel,San Francisco US,linkedin.com/in/hartz,Flock Safety angel; co-founded Sauron (AI sensor home security); X @kevinhartz,Early checks; CV-security conviction
8,Bill Trenchard,Partner,First Round Capital,Seed VC,San Francisco US,firstround.com/team (LI via site),Did Verkada's $3.9M seed (quoted in announcement),Seed-only firm
8,Abe Murray,GP Deep Tech & Robotics,AlleyCorp,Deep-tech incubator/VC,New York US,linkedin.com/in/abe-murray,Ex-Google CV/ML product lead; $250K-1M first checks; runs defense accelerator,Pre-seed/incubation; domain match
8,Mat Vogels,Partner; runs Black Flag,Harpoon Ventures / Black Flag,NatSec pre-seed,Denver US,linkedin.com/in/matvogels,Black Flag writes literal first checks $250K-1M (pre-incorporation) in dual-use,Pre-seed core; Harpoon $155M Fund IV behind it
8,Sherman Williams II,Co-founder & Managing Partner,AIN Ventures,Dual-use seed fund,New York US,linkedin.com/in/sherman-williams,Seed-stage dual-use + veteran-led fund (USAA-anchored); ex-Naval Intelligence,Seed is stated stage
8,Brian Dixon,Managing Partner,Kapor Capital,Impact seed VC,Oakland US,linkedin.com/in/dixonb,20-25 seed deals/yr $100-250K; gap-closing thesis fits underserved districts,Pre-seed/seed core
8,Kesha Cash,Founder & GP,Impact America Fund,Impact seed VC,Oakland US,linkedin.com/in/keshacash,$112M Fund III (2025); leads seed-A in tech for marginalized US communities; K-12 history (Schoolzilla),Leads seed
8,Dror Berman,Founding Partner,Innovation Endeavors,Deep-tech VC,Palo Alto US,linkedin.com/in/drorberman,$630M fund; thesis 'sensors + ML applied to physical world' = SafeRoute's stack,Seed/A $1-15M
8,Topher Conway,Co-Managing Partner,SV Angel,Seed VC,San Francisco US,linkedin.com/in/topherc,SV Angel seeded Ambient.ai (AI on CCTV); 100+ AI seed rounds/yr,Pre-seed/seed
8,Chris Howard,Founder & Managing Director,Ritual Capital (ex-Fuel),Pre-seed fund,Burlingame US,linkedin.com/in/chrisfhoward,Bark early investor at Fuel; Ritual writes ~$300K collaborative pre-seed/seed checks,Pre-seed/seed
8,Jamie Siminoff,VP Home Security Products,Amazon (Ring founder); angel,Operator angel,Los Angeles US,linkedin.com/in/jamie-siminoff-aaa44238a,Ring founder; angel in Aerodome (public-safety drones); AI-on-cameras thesis,Angel
8,Frederic Kerrest,Okta co-founder; MP 515 Ventures,515 Ventures,Operator angel,San Francisco US,linkedin.com/in/fkerrest,53 angel deals ($5-50K); Ambient.ai angel; The Operator Network co-founder,Most accessible angel on list
8,Joe Payne,ex-CEO Code42/Eloqua; angel,Independent,Operator angel,Washington DC US,linkedin.com/in/paynejoe,Named pre-seed angel in Prepared (911 tech),Angel; proven pre-seed in category
8,Adrian Fenty,Founding Managing Partner,MaC Venture Capital,Seed VC + angel,Palo Alto US,linkedin.com/in/adrian-fenty-799a7655,Prepared angel; ex-DC mayor (public-sector empathy); MaC does seed,Seed + angel
8,Dustin Dolginow,General Partner,Maiden Lane,Pre-seed VC,Boston US,angel.co/p/dd (LI not found),Co-led Perimeter (evacuation-mapping) $1M pre-seed — direct precedent,Pre-seed
8,Shawn Merani,Founder & Managing Partner,Parade Ventures,Pre-seed VC,San Francisco US,LI unverified (/in/shawnmerani),Led Perimeter evacuation-mapping pre-seed,Pre-seed core
8,Eric Slesinger,General Partner,201 Ventures,EU dual-use seed,Madrid ES,linkedin.com/in/ericslesinger,Ex-CIA; pre-seed/seed security fund (NIF-backed); runs European Defense Investor Network,Pre-seed/seed lead; EU anchor
8,Archie Muirhead,Partner,IQ Capital,EU deeptech seed,Cambridge UK,uk.linkedin.com/in/archie-muirhead,Quoted partner on Alpine Eagle CV threat-detection seed (€10.25M),Seed lead
8,Jack Wang,Partner & MD UK,Project A,EU deeptech VC,London UK,uk.linkedin.com/in/jackwanguk,Leads Project A defense/deeptech (Labrys seed; ARX),Pre-seed to A
8,Romy Schnelle,MD Industrial Tech,HTGF,DE pre-seed fund,Bonn DE,htgf.de team page,HTGF co-invested Alpine Eagle seed; archetypal German pre-seed first check,Pre-seed core; deal-lead unnamed
8,Alexis Houssou,Founder & Managing Partner,HCVC,EU hardtech pre-seed,Paris FR,linkedin.com/in/alexis-houssou-4b157a38,HCVC led Alpine Eagle PRE-SEED; hardtech-first,Pre-seed/seed
8,Taavi Veskimägi,Founder/Managing Partner,Sentris Capital,EU resilience seed,Tallinn EE,linkedin.com/in/taavi-veskimägi-67334a9,20+ seed investments in resilience/dual-use incl. Alpine Eagle; ex-Elering CEO,Seed; resilience thesis
8,Will Wells,Partner Head of Deep Tech,Speedinvest,EU pre-seed/seed,London UK,LI via posts (/in/willwellshummingbird),Leads deeptech incl. defense/robotics; Speedinvest led ARX extension,Pre-seed/seed
8,Sandra Golbreich,General Partner,BSV Ventures,Baltic dual-use pre-seed,Vilnius LT,LI slug not captured,€15M NIF-backed pre-seed dual-use fund; €100K-1.5M tickets,Exact stage + thesis
8,Willi Mannheims,Managing Partner,eCAPITAL,DE security VC,Münster DE,ecapital.vc team page,Personally backed brighter AI (GDPR video anonymization) — GDPR-CCTV precedent,Early-stage security/privacy
8,Chris Smith,Managing Partner,Playfair Capital,UK pre-seed VC,London UK,linkedin.com/in/cdgsmith,Wrote Orca AI investment memo (CV collision-avoidance safety); explicit CV interest,Pre-seed generalist w/ CV-safety record
8,Nathan Benaich,Founder & GP,Air Street Capital,AI-first seed VC,London UK,uk.linkedin.com/in/nathanbenaich,AI-first fund; publishes on defense AI & European capability,Seed
8,Petteri Koponen,Founding Partner,Lifeline Ventures,FI pre-seed VC,Helsinki FI,fi.linkedin.com/in/petterikoponen,Pre-seed investor in ICEYE (sensing unicorn); day-zero deeptech comfort,Pre-seed/seed
8,Jan Lynn-Matern,Founder & Partner,Emerge Education,EU edtech pre-seed,London UK,linkedin.com/in/janlynnmatern,$56M AI-heavy pre-seed edtech fund; deep school networks; $500K-2.5M,Pre-seed core
8,Mikolaj Firlej,Co-founder & GP,Expeditions Fund,EU security seed,Warsaw/London PL/UK,linkedin.com/in/mikolaj-firlej-508b6a65,€197M Fund II (NIF+BAE); backed Labrys (crisis C2 analog); Oxford DPhil autonomous weapons,Seed lead
8,Tommy Hendrix,Co-founder & Managing Partner,Decisive Point,NatSec seed,New York US,LI not found (X @thomasehendrix),Ex-Green Beret; seed/A $500K-1M with federal procurement playbook,Seed lead
8,Philip O'Connor,Co-founder & Managing Partner,Blackhorn Ventures,Industrial-impact VC,Denver US,linkedin.com/in/philip-o-connor-a0a48635,Seeded Buzz Solutions — AI on fixed cameras w/ real-time fire/safety alerts,Seed/A; closest proptech evidence
8,Wan Li Zhu,Co-founder & Managing Partner,Suffolk Technologies,Built-world VC,Boston US,linkedin.com/in/wanli,First investments incl. Smartvid.io — AI safety detection on camera feeds (Oracle exit),Pre-seed/seed + BOOST accelerator
8,Rob Martens,President,Allegion Ventures,Strategic CVC,Carmel IN US,linkedin.com/in/rmartens,CVC of school door-hardware/egress maker; led VergeSense sensor round; $500K-10M,Early-stage strategic; unique K-12 channel
7,Garrett Langley,Co-founder & CEO; angel,Flock Safety,Operator angel,Atlanta US,linkedin.com/in/glangley,Built Flock ($8.4B); angel in ~4 startups,Signal check; competitive-risk care
7,Bill Clerico,Founder & Managing Partner,Convective Capital,Disaster-resilience VC,San Francisco US,linkedin.com/in/billclerico,Wildfire/disaster fund; backed Pano AI (CV threat detection on cameras),Pre-seed/seed lead; pitch evacuation angle only
7,Brad Harrison,Founder & Managing Partner,Scout Ventures,Dual-use seed VC,New York/Austin US,linkedin.com/in/bradharrison,Leads seeds $3-6M; Fund V $125M; ID.me; West Point/Ranger,Seed (bigger checks)
7,Nicola Sinclair,Founder & GP (solo),Twin Track Ventures,UK dual-use pre-seed,London UK,linkedin.com/in/nicola-sinclair-,NIF-backed; ≤£500K; helps startups win defence/security customers; ex-RAF,Pre-seed co-investor (not lead)
7,Will McManners,Founder & Managing Partner,MD One Ventures,UK natsec VC,London UK,uk.linkedin.com/in/william-mcmanners,First money into Labrys; national-resilience accelerator; $100K-1M,Pre-seed to A
7,Graham Forman,Founder & Managing Director,Edovate Capital,K-12 pre-seed micro-fund,Denver US,linkedin.com/in/grahamforman,K-12-only; 'School Operations' thesis; co-invested CurvePoint; open cold-inbound,$100-500K first checks
7,Vojta Roček,Partner,Presto Tech Horizons,CEE security seed,Prague CZ,linkedin.com/in/vojtarocek,€150M CEE defense/security/resilience fund w/ CSG; €300K-3M,Seed/A lead
7,Meka Asonye,Founder & Managing Partner,Prist Capital (ex-First Round),Seed VC,San Francisco US,linkedin.com/in/mekaasonye,Did Prepared's seed at First Round; now runs own fund,Verify new fund stage; strong category knowledge
7,Kelly Perdew,Co-founder & GP,Moonshots Capital,Veteran seed fund,Los Angeles US,moonshotscapital.com team,Seed fund for veteran-led cos (ID.me); West Point/Army intel,Seed
7,Craig Cummings,Co-founder & GP,Moonshots Capital,Veteran seed fund,Austin US,moonshotscapital.com team,Same fund; NSA background,Seed
7,Jim Hunt,Co-founder & Managing Partner,Lavrock Ventures,Dual-use VC,Arlington VA US,lavrockvc.com,Dual-use natsec seed/A; $2-4M checks,Seed/A
7,Guy Filippelli,Founder & Managing Partner,Squadra Ventures,Cyber/natsec VC,Baltimore US,squadra.vc,$105M early-stage cyber+natsec; ex-Army intel; RedOwl founder,Seed/A
7,Esther Wojcicki,Educator; angel,Independent,Edu angel,Palo Alto US,public figure,Angel in Remind ClassDojo Newsela; educator credibility de-risks district optics,Angel
7,Wayne Boulais,Co-founder & Managing Director,Tensility Venture Partners,AI seed VC,Chicago US,linkedin.com/in/wayne-boulais-9a5252,Personally authored Tensility-Actuate collaboration post (deal partner on gun-detection AI),Seed-stage AI fund
7,Kent Goldman,Founder,Upside Partnership,Seed fund,San Francisco US,linkedin.com/in/kentgoldman,Aegis AI/Actuate seed backer; seed-only micro-fund,Seed; verify actively deploying
7,Jim Dugan,CEO & Co-founder,OCA Ventures,Early-stage VC,Chicago US,linkedin.com/in/jim-dugan-b4369a3,OCA in Actuate Series A; security in thesis,Seed/A
7,Elizabeth Weil,Founder & Managing Partner,Scribble Ventures,Early-stage VC,SF Bay Area US,linkedin.com/in/elizabethweil,Actuate listed among personal investments,Pre-seed/seed
7,Brian Garrett,Co-founder & Managing Director,Crosscut Ventures,LA seed VC,Los Angeles US,linkedin.com/in/briangarrett1,Quoted on Crosscut leading HiveWatch seed (physical security),Seed lead
7,Jenny Lefcourt,General Partner,Freestyle Capital,Seed VC,San Francisco US,linkedin.com/in/jennylefcourt,Freestyle in HiveWatch seed; seed-only $1.5-3M checks,Seed
7,Dave Samuel,General Partner,Freestyle Capital,Seed VC,San Francisco US,linkedin.com/in/thedjdave,Same firm/deal,Seed
7,Collin Gutman,Co-founder & Managing Partner,SaaS Ventures,Seed VC,Washington DC US,linkedin.com/in/collingutman,HiveWatch seed participant; enterprise SaaS seed fund,Seed
7,J.S. Gamble,Co-founder & Managing Partner,Blu Venture Investors,Cyber angel/VC group,Vienna VA US,linkedin.com/in/jsgamble,DMV's most active early security investor; ex-MACH37,Pre-seed/seed via main group (Cyber Fund is A+)
7,Derren Burrell,Founder & Managing Partner,Veteran Ventures Capital,Defense VC,Tysons VA US,linkedin.com/in/derrenburrell,Early-stage veteran-led natsec fund ~$100M,Seed/A; confirm pre-revenue appetite
7,Tim Hsia,Founder & Managing Partner,Context Ventures,Veteran pre-seed fund,San Francisco US,linkedin.com/in/timhsia,$250K-1M pre-seed/seed for veteran founders; Military Veteran Startups conference,Pre-seed/seed (best if founder is veteran)
7,Alexander Harstrick,Co-founder & Managing Partner,J2 Ventures,Dual-use seed VC,Boston US,linkedin.com/in/alexanderharstrick,$250M fund; ex-DIU; leads seeds $2-7M,Seed lead (bigger checks)
7,Fern Mandelbaum,MD Venture Investments,Emerson Collective,Impact VC,Palo Alto US,linkedin.com/in/fern-mandelbaum-a485851,Leads early-stage investing; education core sector,Early-stage
7,Shauntel Garvey,Co-founder & GP,Reach Capital,K-12 edtech VC,San Francisco US,linkedin.com/in/shauntelpoulson,Co-founded leading K-12 seed fund ($215M Fund IV); district GTM network,Seed
7,Tobias Schirmer,Founding Partner,JOIN Capital,DE enterprise VC,Berlin DE,de.linkedin.com/in/tobiasschirmer,Fund III €235M for defence/dual-use/security (NIF+EIF LPs); sensing portfolio,Pre-Series A ~€1.5M
7,Ed Stacey,Co-founder & Managing Partner,IQ Capital,EU deeptech seed,Cambridge UK,uk.linkedin.com/in/edstacey,GP at firm that led Alpine Eagle seed; $400M deeptech fund,Seed
7,Ian Hogarth,Co-founder Partner,Plural,EU early VC,London UK,LI slug unverified,Articulated Plural's Labrys rationale; UK AI Security Institute chair,Seed/A larger checks
7,Marko Oolo,General Partner,Superangel,Baltic pre-seed,Tallinn EE,ee.linkedin.com/in/markooolo,Superangel is Labrys investor; €100K-1M,Pre-seed/seed
7,Marcin P. Kowalik,General Partner,Balnord,Baltic dual-use VC,Gdańsk PL,LI slug not captured,€70M frontier + dual-use Baltic fund,Early-stage
7,Riku Seppälä,Co-founder & GP,Icebreaker.vc,FI pre-seed,Helsinki FI,linkedin.com/in/rikuvs,€150-800K first checks; deeptech/AI/cyber,Pre-seed core
7,Kevin Mandia,Founding Partner,Ballistic Ventures,Cyber VC,Alexandria VA US,linkedin.com/in/kevin-mandia-0a07173,Mandiant founder; Ballistic writes pre-seed-A $1-10M,Stage fits; cyber thesis — pitch AI-threat-detection angle
7,Nadir Izrael,Co-founder & CTO Armis; angel,Armis,Operator angel,SF/Tel Aviv US/IL,linkedin.com/in/nadiriz,10+ angel deals 5 exits; US-Europe-Israel bridge,Angel
7,John Bicket,Co-founder & CTO,Samsara,Operator angel,San Francisco US,linkedin.com/in/jbicket,3 angel deals; Samsara = physical-ops safety; Meraki mafia,Angel
7,Jyoti Bansal,CEO Harness; co-founder Unusual Ventures,Unusual Ventures,Operator angel + fund,San Francisco US,LI unverified,Ambient.ai angel; Unusual does pre-seed/seed,Angel + fund door
7,Karl Alomar,Managing Partner,M13,Seed VC,New York US,LI unverified,Named in Prepared pre-seed angel list; M13 led that round,Seed
7,Tom Axbey,ex-CEO Rave Mobile Safety,Operator/investor/advisor,Emergency-response operator,Boston US,LI not found,Rave = K-12 panic-button platform; Armored Things board (crowd-safety analytics),Advisor/angel
7,Tyler Bosmeny,General Partner,Y Combinator,Accelerator,San Francisco US,linkedin.com/in/tylerbosmeny,Clever co-founder; champions K-12 infrastructure; YC seeded Flock+Ambient,Apply to YC naming him
7,Effie Epstein,Managing Partner,Sound Ventures,VC,Los Angeles US,linkedin.com/in/epsteineffie,Runs Sound day-to-day ($1B AUM); Mark43-backer firm; (Kutcher left Jul 2026 — track his new firm too),Deal intake at Sound
7,Sophia Bush,Angel; GP Union Heritage,Union Heritage Ventures,Celebrity angel,Los Angeles US,linkedin.com/in/sophia-bush,Mark43 investor+advisor; 15 yrs impact angel,Angel
7,Matt Prusak,Syndicate lead,Defense Angels (AngelList),Syndicate,US,LI unverified,Dual-use/natsec AngelList syndicate — direct application channel,Syndicate
7,Gregory McNeal,Syndicate lead; Professor,Permissionless Capital,Syndicate,Los Angeles US,LI unverified,Tech/policy syndicate incl. defense/security; regulated-industry thesis,Syndicate
7,Zach Aarons,Co-founder & GP,MetaProp,Proptech seed VC,New York US,linkedin.com/in/zachaarons,Early Latch (access control) investor; $100M proptech seed fund,Seed core
7,Casey Berman,Co-founder & Managing Partner,Camber Creek,Proptech VC,Washington DC US,linkedin.com/in/caseyberman,First money into Latch,Seed-growth
7,Raj Singh,Managing Partner,JLL Spark,Proptech CVC,San Francisco US,linkedin.com/in/rajsingh,Led VergeSense $1.5M seed (AI camera/sensor in buildings),Seed-B $1-8M
7,Darren Bechtel,Founder & Managing Director,Brick & Mortar Ventures,Construction-tech VC,San Francisco US,linkedin.com/in/darrenbechtel,Serious Labs (hazardous-work safety training); most active built-env seed,Seed
7,Jennifer Place,Principal,Munich Re Ventures,Insurance CVC,SF Bay Area US,linkedin.com/in/jennifer-place,Leads $125M HSB built-world resilience fund; FloodFlash (IoT parametric),Early-stage capable; strategic
7,Brittany Clements,Managing Director,American Family Ventures,Insurance CVC,Madison WI US,linkedin.com/in/clementsbrittany,AFV $500K-5M seed-B; Hover in portfolio,Seed capable
7,Erik Ross,Founder & Managing Partner,Nationwide Ventures,Insurance CVC,Columbus OH US,linkedin.com/in/esross,Betterview (AI property hazard); Ting sensors to 500k homes — loss-prevention thesis,Seed + A minority checks
7,Parker Beauchamp,Founder & Managing Partner,Markd,Insurtech seed VC,Boulder CO US,linkedin.com/in/parkerbeauchamp,$100M fund; 9 seed deals avg $1.68M; led Irys seed,Seed core; pitch loss-prevention-cuts-claims
7,Colin Beirne,Partner (founder of TSV),Deviation Capital (ex-Two Sigma Ventures),Early-stage VC,New York US,linkedin.com/in/colin-beirne-526577,Founded TSV (RapidSOS + Bark investor); $2B AUM spin-out May 2026,Early-stage
7,Beth Turner,Founder & GP,Valkyrie (ex-SV Angel),Seed VC,San Francisco US,Forbes profile,Ran SV Angel's seed fund; new $45M AI fund (Dec 2025),Seed; fresh fund deploying
6,Clara Brenner,Co-founder & Managing Partner,Urban Innovation Fund,Urban-tech VC,San Francisco US,linkedin.com/in/clara-brenner-10824828,Pre-seed/seed $500K-3.5M; 'public health & safety' vertical (no specific safety deal verified),Pre-seed/seed
6,Jackson Moses,Founder & Managing Partner,Silent Ventures,Defense pre-seed,Dallas US,linkedin.com/in/jacksonmoses,Concept-stage defense checks; early Anduril/Hadrian; BI Seed 100,Pre-seed; defense-first framing needed
6,Assaf Shamia,MD / Investment Partner,G+D Ventures,TrustTech CVC,Munich DE,linkedin.com/in/assafshamia,TrustTech fund; backed brighter AI (GDPR video); posts TrustTech explainers,Seed-A; GDPR angle
6,Michael Hochholzer,Managing Director,G+D Ventures,TrustTech CVC,Munich DE,linkedin.com/in/michael-hochholzer-450a22,Same fund; ex-Siemens VC,Seed-A
6,Rick Hao,Founder & Managing Partner,Ruya Ventures,Deeptech pre-seed,London UK,LI unverified,New $50M solo-GP pre-seed deeptech fund (Jul 2026); ex-Speedinvest deeptech,Pre-seed; no security deal yet
6,Jonathan Jou,MD Head of Direct Investing,Stand Together Ventures Lab,Impact VC,Arlington VA US,LI via firm,Public-safety thesis (community-safety framing); early-stage,Lead w/ teacher-empowerment framing
6,Rob Joyce,Venture Partner,DataTribe,Cyber foundry,Fulton MD US,LI via firm,Ex-NSA Cybersecurity Director / Homeland Security Advisor,Seed foundry; cyber-core
6,Ron Gula,President,Gula Tech Adventures,Cyber family office,Columbia MD US,gula.tech,Tenable co-founder; ~$150M; seed/A actively deploying,Cyber-only framing needed
6,Rebecca Gevalt,Managing Partner,Dcode Capital,Govtech VC,Washington DC US,linkedin.com/in/rebecca-gevalt-9383a5112,Ex-CIA/In-Q-Tel liaison; federal GTM expertise,Co-invests; not a lead
6,Vivian Wu,Managing Partner,CZI Ventures,Impact CVC,San Francisco US,linkedin.com/in/vivianwusf,CZI still writes for-profit checks (~$300M deployed),Follows mission rounds; rarely leads
6,Kristin Groos Richmond,Managing Director,Draper Richards Kaplan,Impact fund,SF Bay Area US,LI not found,Revolution Foods founder (K-12 at scale); DRK $300K seed-A checks never leads,Small strategic check
6,Jan Borgstädt,Founding Partner,JOIN Capital,DE enterprise VC,Berlin DE,LI slug not found,Same Fund III defence/dual-use mandate,Pre-Series A
6,Jeannette zu Fürstenberg,MD Head of Europe,General Catalyst,Multi-stage VC,Berlin DE,de.linkedin.com/in/jeannette-zu-fürstenberg-a4227a17a,Leads GC European resilience; Helsing board,Usually larger; brand halo
6,Mikko Silventola,General Partner,Superangel,Baltic pre-seed,Tallinn EE,LI not found,First investor in Bolt; same fund as Oolo,Pre-seed/seed
6,Robert Verwaayen,Co-founder & GP,Keen Venture Partners,NL defense VC,Amsterdam NL,linkedin.com/in/rverwaayen,Dedicated European Defence & Security Fund,Historically Series A — confirm seed
6,Benjamin Erhart,General Partner,UVC Partners,DE industrial VC,Munich DE,LI via posts,UVC backed Blickfeld (LiDAR marketed for security/perimeter),Early-stage B2B
6,Reece Chowdhry,Founding Partner,Concept Ventures,UK pre-seed,London UK,linkedin.com/in/reecec,Largest UK dedicated pre-seed fund ($88M); work/play/learn thesis,Up to £750K; no security evidence
6,Marie-Christine Levet,Founder & Partner,Educapital,EU edtech VC,Paris FR,linkedin.com/in/marie-christine-levet-26132,First European edtech fund ($160M); ministries as LPs,$3-10M skews A
6,Aleksander Dobrzyniecki,General Partner,Balnord,Baltic dual-use VC,Gdańsk PL,LI slug not captured,Co-GP €70M fund,Early-stage
6,Pontus Stråhlman,Partner,Voima Ventures,Nordic deeptech,Helsinki FI,fi.linkedin.com/in/strahlman,€90-100M science-based deeptech Fund III (no security deal confirmed),Seed
6,George Kurtz,Founder & CEO,CrowdStrike,Operator angel,Austin US,LI unverified,Ambient.ai angel,Small checks; busy
6,Mark Leslie,Leslie Ventures,Leslie Ventures,Operator angel,Palo Alto US,LI not found,Ambient.ai angel; Veritas founding CEO; Stanford GSB,Angel
6,Ken Singer,MD,UC Berkeley SCET,Academic investor,Berkeley US,LI unverified,Led Perimeter's $4.4M community round,Community-round check
6,Brett Kopf,Co-founder Omella; partner Rolling Fun,Rolling Fun,Edtech operator angel,Austin US,LI unverified (X @brettkopf),Remind co-founder; runs small angel fund,Angel
6,Vinay Mahadik,Co-founder & CEO,Securly,K-12 safety operator,San Jose US,LI unverified,K-12 student-safety CEO; 1 angel deal; also design-partner potential,Thin angel record
6,Jason Palmer,General Partner,New Markets Venture Partners,Edtech VC,Washington DC US,LI unverified,20-yr edtech investor; K-12 seed fund,Seed/A
6,Gen. David Petraeus,Partner,KKR / personal,Strategic angel,New York US,linkedin.com/in/davidpetraeus,Personal investor in ~20 startups; Mark43 backer,Personal checks via natsec circuit
6,Kurt Ramirez,General Partner,Nine Four Ventures,Proptech VC,Chicago US,linkedin.com/in/kurtramirez,SmartRent portfolio; smart-locks thesis piece,Pre-seed/seed
6,Travis Connors,Co-founder & GP,Building Ventures,Built-world VC,Boston US,linkedin.com/in/travis-connors-75422,75F sensors/building controls,Seed; sensors not safety
6,John Y. Kim,Founder & Managing Partner,Brewer Lane Ventures,Insurtech VC,Boston US,linkedin.com/in/john-kim-47a484185,Cape Analytics (geospatial AI property risk),Seed capable
6,Andrew Lerner,Managing Partner,IA Capital Group,Insurtech VC,New York US,linkedin.com/in/andrew-lerner-217b267,Insurtech x physical/climate risk (Demex),Seed selectively
6,Brian McLoughlin,Co-founder & Partner,MTech Capital,Insurtech VC,Santa Monica US,linkedin.com/in/bmcloughlin,Corvus (dynamic loss prevention),Seed/A
6,Amy Nauiokas,Founder & CEO,Anthemis Group,Fintech/insurtech VC,New York US,linkedin.com/in/amynauiokas,Risk-mitigation insurtech thesis; kWh Analytics,Seed capable; no dedicated insurance partner now
6,Dan Nova,General Partner,Highland Capital Partners,Multi-stage VC,Cambridge MA US,linkedin.com/in/dan-nova-bba09946,Led RapidSOS A+B; board member,Meet early lead the A
6,Rob Rueckert,Managing Director,Sorenson Capital,VC,Palo Alto US,linkedin.com/in/robrueckert,Led ZeroEyes Series B; co-founded Sorenson Ventures seed arm ($150M Fund III),Ventures arm does seed/A
6,Dan Abelon,Co-founder & GP,Isogon Ventures (ex-TSV),Early AI VC,New York US,linkedin.com/in/danabelon,Wrote TSV's Bark investment (deal partner); knows safety category,Thesis = industrial/physical AI
6,Brandon Tidwell,Co-founder & GP,Run Ventures (ex-Signal Peak),VC,Salt Lake City US,linkedin.com/in/brandon-tidwell-35a9aa,Quoted MD on Bark Series A; new $290M fund,Leads A; selective seed
6,Ulrich Quay,Partner,NATO Innovation Fund,Sovereign fund,EU,via nif.fund,Current NIF partner (post-refresh); €1-15M seed-B,Too big for pre-seed; seed+ signal investor
6,Sander Verbrugge,Partner,NATO Innovation Fund,Sovereign fund,EU,via nif.fund,Current NIF partner; deeptech,Same
5,Michael S. Kim,Founder & CEO,Octave Ventures,VC,Henderson NV US,LI not found,Led ZeroEyes Series A twice; ZeroEyes board,Series A oriented; build early
5,Brian Hirsch,Co-founder & Managing Partner,Tribeca Venture Partners,NYC VC,New York US,linkedin.com/in/brianhirsch,Quoted partner on Actuate Series A,Seed-A; led at A
5,Veronica Daigle,Partner & President NatSec,Red Cell Partners,Venture studio,Washington DC US,LI unverified,Ex-Asst SecDef; Red Cell incubates own cos,Studio — partnership convo not pitch
5,Chip Walter,Managing Director,Marlinspike Partners,Dual-use VC,Washington DC US,LI not found,Ex-CIA In-Q-Tel tech sourcing; $127M Fund II,Seed/A skew
5,Filip Kaliszan,Co-founder & CEO,Verkada,Operator,San Mateo US,LI unverified,1 angel deal; Verkada sells K-12 lockdown tech,Strategic angel OR competitor — careful
5,Sanjay Beri,Founder & CEO,Netskope,Operator angel,SF Bay Area US,LI via posts,1 documented angel deal,Thin record
5,Anupama Vaid,Founder & President,ParentSquare,K-12 operator,Santa Barbara US,linkedin.com/in/anupamavaid,Parent-notification rail for 20M students; no documented investments,Strategic partner > angel
5,Amy Klement,Managing Partner,Imaginable Futures,Impact fund,Palo Alto US,LI not found,Omidyar education spin-out; grants + for-profit,US education equity focus
5,Eveline Buchatskiy,Founding Managing Partner,D3,UA defense fund,Kyiv UA,linkedin.com/in/eveline-buchatskiy,$30M Schmidt-backed; battlefield-validated preference,Only w/ civil-defense/air-raid shelter wedge
5,Michael Remmes,Vice President,State Farm Ventures,Insurance CVC,Bloomington IL US,linkedin.com/in/michael-remmes-65038049,Led Whisker Labs/Ting round,Later-stage strategic; follow-on
5,John Helm,Founder & Managing Director,RET Ventures,Rental proptech VC,Park City UT US,linkedin.com/in/john-helm-00820a1,Led SmartRent seed+A,LP mandate is rentals; needs angle
5,Rhys Spence,Head of Research & Platform,Brighteye Ventures,EU edtech VC,London UK,linkedin.com/in/rhys-spence,Largest EU edtech VC; safety quote unverified,Door-opener to partners
5,Jack Kerrigan,Co-founder & Managing Partner,Razor's Edge Ventures,NatSec VC,Reston VA US,razorsvc.com,Fund IV $560M natsec,Skews A/growth — Series A target
4,Celeste Ford,Founder & Managing Director,Stellar Ventures,Space VC,Palo Alto US,linkedin.com/in/ceford,Darkhive (first-responder drones) in portfolio,Off-thesis (space) — low priority
4,Tim Schigel,Managing Partner,Refinery Ventures,Early-scale VC,Cincinnati US,linkedin.com/in/timschigel,No natsec thesis; post-seed stage,Mismatch — skip
4,Sam Chaudhary,Co-founder & CEO,ClassDojo,Edtech operator,San Francisco US,LI unverified,No documented angel deals,Only with warm intro
4,Liesel Pritzker Simmons,Co-founder & Principal,Blue Haven Initiative,Impact family office,Cambridge MA US,LI not found,Direct venture sleeve is Africa-focused,Weak fit
